{
    "loss": 0.18136975169181824,
    "accuracy": 0.9482758641242981
}