{
    "loss": 0.20548315346240997,
    "accuracy": 0.9396551847457886
}